{"m1": 1.9000000088473108, "m2": 0.5213582544771157, "m3": 0.8009027827029509, "m4": -3.396281247115834e-09, "m5": -0.17965185115664084, "m6": -8.470424232411738e-09, "m7": 0.0027937199911805682, "m8": 0.004317461048621988}