{"m1": 1.7432713204794479, "m2": 0.3624860404549175, "m3": 0.8405222144605262, "m4": 6.155191148438099e-10, "m5": -0.23125950941933543, "m6": 4.435325058615991e-09, "m7": -0.009999977271989462, "m8": -0.009999515581466625}