{"m1": 1.899999997744523, "m2": 0.46427941417976304, "m3": 0.8590336591566216, "m4": 4.5023558006840325e-09, "m5": 1.3196213304395009e-08, "m6": 5.241672859646052e-10, "m7": 0.004292573187096874, "m8": 0.002686756238104748}