{"m1": 1.9000000017562328, "m2": 0.49071405536152707, "m3": 0.7773568073586881, "m4": 7.277750976861724e-09, "m5": -0.16591698917267786, "m6": 4.919093915757123e-12, "m7": 0.004459901310133114, "m8": 0.0023940964845604075}